"lake_name","x_null","y_null","elev","area","depth","LID","region","geomorphic_type","max_depth","depth_measurement","data_quality","area_ha"
"Okareka",335.968,-38.72,355.3,3359680,0,"LID15325","Bay of Plenty","Volcanic",38.72,"Measured","Seasonal but Detailed",335.968
"Okareka",335.968,-38.72,355.1,3359672.73,-0.2,"LID15325","Bay of Plenty","Volcanic",38.72,"Measured","Seasonal but Detailed",335.967273
"Okareka",335.968,-38.72,354.9,3359669.12,-0.4,"LID15325","Bay of Plenty","Volcanic",38.72,"Measured","Seasonal but Detailed",335.966912
"Okareka",335.968,-38.72,354.7,3359665.92,-0.6,"LID15325","Bay of Plenty","Volcanic",38.72,"Measured","Seasonal but Detailed",335.966592
"Okareka",335.968,-38.72,354.5,3359658.88,-0.8,"LID15325","Bay of Plenty","Volcanic",38.72,"Measured","Seasonal but Detailed",335.965888
"Okareka",335.968,-38.72,354.3,3359646.08,-1,"LID15325","Bay of Plenty","Volcanic",38.72,"Measured","Seasonal but Detailed",335.964608
"Okareka",335.968,-38.72,354.1,3359633.28,-1.2,"LID15325","Bay of Plenty","Volcanic",38.72,"Measured","Seasonal but Detailed",335.963328
"Okareka",335.968,-38.72,353.9,3359601.76,-1.4,"LID15325","Bay of Plenty","Volcanic",38.72,"Measured","Seasonal but Detailed",335.960176
"Okareka",335.968,-38.72,353.7,3359568.16,-1.6,"LID15325","Bay of Plenty","Volcanic",38.72,"Measured","Seasonal but Detailed",335.956816
"Okareka",335.968,-38.72,353.5,3357621.6,-1.8,"LID15325","Bay of Plenty","Volcanic",38.72,"Measured","Seasonal but Detailed",335.76216
"Okareka",335.968,-38.72,353.3,3352805.6,-2,"LID15325","Bay of Plenty","Volcanic",38.72,"Measured","Seasonal but Detailed",335.28056
"Okareka",335.968,-38.72,353.1,3347989.6,-2.2,"LID15325","Bay of Plenty","Volcanic",38.72,"Measured","Seasonal but Detailed",334.79896
"Okareka",335.968,-38.72,352.9,3336834.72,-2.4,"LID15325","Bay of Plenty","Volcanic",38.72,"Measured","Seasonal but Detailed",333.683472
"Okareka",335.968,-38.72,352.7,3324975.52,-2.6,"LID15325","Bay of Plenty","Volcanic",38.72,"Measured","Seasonal but Detailed",332.497552
"Okareka",335.968,-38.72,352.5,3308230.56,-2.8,"LID15325","Bay of Plenty","Volcanic",38.72,"Measured","Seasonal but Detailed",330.823056
"Okareka",335.968,-38.72,352.3,3284156.96,-3,"LID15325","Bay of Plenty","Volcanic",38.72,"Measured","Seasonal but Detailed",328.415696
"Okareka",335.968,-38.72,352.1,3260083.36,-3.2,"LID15325","Bay of Plenty","Volcanic",38.72,"Measured","Seasonal but Detailed",326.008336
"Okareka",335.968,-38.72,351.9,3232576.8,-3.4,"LID15325","Bay of Plenty","Volcanic",38.72,"Measured","Seasonal but Detailed",323.25768
"Okareka",335.968,-38.72,351.7,3204688.8,-3.6,"LID15325","Bay of Plenty","Volcanic",38.72,"Measured","Seasonal but Detailed",320.46888
"Okareka",335.968,-38.72,351.5,3179744.8,-3.8,"LID15325","Bay of Plenty","Volcanic",38.72,"Measured","Seasonal but Detailed",317.97448
"Okareka",335.968,-38.72,351.3,3159216.8,-4,"LID15325","Bay of Plenty","Volcanic",38.72,"Measured","Seasonal but Detailed",315.92168
"Okareka",335.968,-38.72,351.1,3138688.8,-4.2,"LID15325","Bay of Plenty","Volcanic",38.72,"Measured","Seasonal but Detailed",313.86888
"Okareka",335.968,-38.72,350.9,3119455.36,-4.4,"LID15325","Bay of Plenty","Volcanic",38.72,"Measured","Seasonal but Detailed",311.945536
"Okareka",335.968,-38.72,350.7,3100365.76,-4.6,"LID15325","Bay of Plenty","Volcanic",38.72,"Measured","Seasonal but Detailed",310.036576
"Okareka",335.968,-38.72,350.5,3081368.96,-4.8,"LID15325","Bay of Plenty","Volcanic",38.72,"Measured","Seasonal but Detailed",308.136896
"Okareka",335.968,-38.72,350.3,3062511.36,-5,"LID15325","Bay of Plenty","Volcanic",38.72,"Measured","Seasonal but Detailed",306.251136
"Okareka",335.968,-38.72,349.8,3014849.92,-5.5,"LID15325","Bay of Plenty","Volcanic",38.72,"Measured","Seasonal but Detailed",301.484992
"Okareka",335.968,-38.72,349.3,2961918.88,-6,"LID15325","Bay of Plenty","Volcanic",38.72,"Measured","Seasonal but Detailed",296.191888
"Okareka",335.968,-38.72,348.8,2906927.52,-6.5,"LID15325","Bay of Plenty","Volcanic",38.72,"Measured","Seasonal but Detailed",290.692752
"Okareka",335.968,-38.72,348.3,2860953.44,-7,"LID15325","Bay of Plenty","Volcanic",38.72,"Measured","Seasonal but Detailed",286.095344
"Okareka",335.968,-38.72,347.8,2822359.52,-7.5,"LID15325","Bay of Plenty","Volcanic",38.72,"Measured","Seasonal but Detailed",282.235952
"Okareka",335.968,-38.72,347.3,2784737.28,-8,"LID15325","Bay of Plenty","Volcanic",38.72,"Measured","Seasonal but Detailed",278.473728
"Okareka",335.968,-38.72,346.8,2746330.88,-8.5,"LID15325","Bay of Plenty","Volcanic",38.72,"Measured","Seasonal but Detailed",274.633088
"Okareka",335.968,-38.72,346.3,2707385.6,-9,"LID15325","Bay of Plenty","Volcanic",38.72,"Measured","Seasonal but Detailed",270.73856
"Okareka",335.968,-38.72,345.8,2668571.04,-9.5,"LID15325","Bay of Plenty","Volcanic",38.72,"Measured","Seasonal but Detailed",266.857104
"Okareka",335.968,-38.72,345.3,2630762.24,-10,"LID15325","Bay of Plenty","Volcanic",38.72,"Measured","Seasonal but Detailed",263.076224
"Okareka",335.968,-38.72,344.8,2594456.96,-10.5,"LID15325","Bay of Plenty","Volcanic",38.72,"Measured","Seasonal but Detailed",259.445696
"Okareka",335.968,-38.72,344.3,2559104.48,-11,"LID15325","Bay of Plenty","Volcanic",38.72,"Measured","Seasonal but Detailed",255.910448
"Okareka",335.968,-38.72,343.8,2524034.88,-11.5,"LID15325","Bay of Plenty","Volcanic",38.72,"Measured","Seasonal but Detailed",252.403488
"Okareka",335.968,-38.72,343.3,2489460,-12,"LID15325","Bay of Plenty","Volcanic",38.72,"Measured","Seasonal but Detailed",248.946
"Okareka",335.968,-38.72,342.8,2456711.52,-12.5,"LID15325","Bay of Plenty","Volcanic",38.72,"Measured","Seasonal but Detailed",245.671152
"Okareka",335.968,-38.72,342.3,2425871.84,-13,"LID15325","Bay of Plenty","Volcanic",38.72,"Measured","Seasonal but Detailed",242.587184
"Okareka",335.968,-38.72,341.8,2395476.8,-13.5,"LID15325","Bay of Plenty","Volcanic",38.72,"Measured","Seasonal but Detailed",239.54768
"Okareka",335.968,-38.72,341.3,2364166.08,-14,"LID15325","Bay of Plenty","Volcanic",38.72,"Measured","Seasonal but Detailed",236.416608
"Okareka",335.968,-38.72,340.8,2331694.24,-14.5,"LID15325","Bay of Plenty","Volcanic",38.72,"Measured","Seasonal but Detailed",233.169424
"Okareka",335.968,-38.72,340.3,2298153.12,-15,"LID15325","Bay of Plenty","Volcanic",38.72,"Measured","Seasonal but Detailed",229.815312
"Okareka",335.968,-38.72,339.8,2264053.6,-15.5,"LID15325","Bay of Plenty","Volcanic",38.72,"Measured","Seasonal but Detailed",226.40536
"Okareka",335.968,-38.72,339.3,2229895.68,-16,"LID15325","Bay of Plenty","Volcanic",38.72,"Measured","Seasonal but Detailed",222.989568
"Okareka",335.968,-38.72,338.8,2195665.44,-16.5,"LID15325","Bay of Plenty","Volcanic",38.72,"Measured","Seasonal but Detailed",219.566544
"Okareka",335.968,-38.72,338.3,2161703.04,-17,"LID15325","Bay of Plenty","Volcanic",38.72,"Measured","Seasonal but Detailed",216.170304
"Okareka",335.968,-38.72,337.8,2128323.04,-17.5,"LID15325","Bay of Plenty","Volcanic",38.72,"Measured","Seasonal but Detailed",212.832304
"Okareka",335.968,-38.72,337.3,2095182.4,-18,"LID15325","Bay of Plenty","Volcanic",38.72,"Measured","Seasonal but Detailed",209.51824
"Okareka",335.968,-38.72,336.8,2062465.92,-18.5,"LID15325","Bay of Plenty","Volcanic",38.72,"Measured","Seasonal but Detailed",206.246592
"Okareka",335.968,-38.72,336.3,2028644.16,-19,"LID15325","Bay of Plenty","Volcanic",38.72,"Measured","Seasonal but Detailed",202.864416
"Okareka",335.968,-38.72,335.8,1993084.32,-19.5,"LID15325","Bay of Plenty","Volcanic",38.72,"Measured","Seasonal but Detailed",199.308432
"Okareka",335.968,-38.72,335.3,1957204.16,-20,"LID15325","Bay of Plenty","Volcanic",38.72,"Measured","Seasonal but Detailed",195.720416
"Okareka",335.968,-38.72,334.3,1885203.68,-21,"LID15325","Bay of Plenty","Volcanic",38.72,"Measured","Seasonal but Detailed",188.520368
"Okareka",335.968,-38.72,333.3,1803181.44,-22,"LID15325","Bay of Plenty","Volcanic",38.72,"Measured","Seasonal but Detailed",180.318144
"Okareka",335.968,-38.72,332.3,1732785.6,-23,"LID15325","Bay of Plenty","Volcanic",38.72,"Measured","Seasonal but Detailed",173.27856
"Okareka",335.968,-38.72,331.3,1668072.48,-24,"LID15325","Bay of Plenty","Volcanic",38.72,"Measured","Seasonal but Detailed",166.807248
"Okareka",335.968,-38.72,330.3,1606345.12,-25,"LID15325","Bay of Plenty","Volcanic",38.72,"Measured","Seasonal but Detailed",160.634512
"Okareka",335.968,-38.72,329.3,1548863.2,-26,"LID15325","Bay of Plenty","Volcanic",38.72,"Measured","Seasonal but Detailed",154.88632
"Okareka",335.968,-38.72,328.3,1487791.52,-27,"LID15325","Bay of Plenty","Volcanic",38.72,"Measured","Seasonal but Detailed",148.779152
"Okareka",335.968,-38.72,327.3,1411679.2,-28,"LID15325","Bay of Plenty","Volcanic",38.72,"Measured","Seasonal but Detailed",141.16792
"Okareka",335.968,-38.72,326.3,1308545.6,-29,"LID15325","Bay of Plenty","Volcanic",38.72,"Measured","Seasonal but Detailed",130.85456
"Okareka",335.968,-38.72,325.3,1202847.68,-30,"LID15325","Bay of Plenty","Volcanic",38.72,"Measured","Seasonal but Detailed",120.284768
"Okareka",335.968,-38.72,324.3,1104676.16,-31,"LID15325","Bay of Plenty","Volcanic",38.72,"Measured","Seasonal but Detailed",110.467616
"Okareka",335.968,-38.72,323.3,953840,-32,"LID15325","Bay of Plenty","Volcanic",38.72,"Measured","Seasonal but Detailed",95.384
"Okareka",335.968,-38.72,322.3,719348.8,-33,"LID15325","Bay of Plenty","Volcanic",38.72,"Measured","Seasonal but Detailed",71.93488
"Okareka",335.968,-38.72,321.3,446522.72,-34,"LID15325","Bay of Plenty","Volcanic",38.72,"Measured","Seasonal but Detailed",44.652272
"Okareka",335.968,-38.72,320.3,252903.04,-35,"LID15325","Bay of Plenty","Volcanic",38.72,"Measured","Seasonal but Detailed",25.290304
"Okareka",335.968,-38.72,319.3,145163.84,-36,"LID15325","Bay of Plenty","Volcanic",38.72,"Measured","Seasonal but Detailed",14.516384
"Okareka",335.968,-38.72,318.3,78068,-37,"LID15325","Bay of Plenty","Volcanic",38.72,"Measured","Seasonal but Detailed",7.8068
"Okareka",335.968,-38.72,317.3,29916.64,-38,"LID15325","Bay of Plenty","Volcanic",38.72,"Measured","Seasonal but Detailed",2.991664
"Okareka",335.968,-38.72,316.58,0,-38.72,"LID15325","Bay of Plenty","Volcanic",38.72,"Measured","Seasonal but Detailed",0
"Okaro",30.4156,-20.54,411.35,304156,0,"LID14290","Bay of Plenty","Volcanic",19.94,"Measured","Seasonal but Detailed",30.4156
"Okaro",30.4156,-20.54,411.15,304088.6,-0.2,"LID14290","Bay of Plenty","Volcanic",19.94,"Measured","Seasonal but Detailed",30.40886
"Okaro",30.4156,-20.54,410.95,304016.6,-0.4,"LID14290","Bay of Plenty","Volcanic",19.94,"Measured","Seasonal but Detailed",30.40166
"Okaro",30.4156,-20.54,410.75,303945.64,-0.6,"LID14290","Bay of Plenty","Volcanic",19.94,"Measured","Seasonal but Detailed",30.394564
"Okaro",30.4156,-20.54,410.55,303876.84,-0.8,"LID14290","Bay of Plenty","Volcanic",19.94,"Measured","Seasonal but Detailed",30.387684
"Okaro",30.4156,-20.54,410.35,303808.04,-1,"LID14290","Bay of Plenty","Volcanic",19.94,"Measured","Seasonal but Detailed",30.380804
"Okaro",30.4156,-20.54,410.15,301388.32,-1.2,"LID14290","Bay of Plenty","Volcanic",19.94,"Measured","Seasonal but Detailed",30.138832
"Okaro",30.4156,-20.54,409.95,298469.92,-1.4,"LID14290","Bay of Plenty","Volcanic",19.94,"Measured","Seasonal but Detailed",29.846992
"Okaro",30.4156,-20.54,409.75,295689.84,-1.6,"LID14290","Bay of Plenty","Volcanic",19.94,"Measured","Seasonal but Detailed",29.568984
"Okaro",30.4156,-20.54,409.55,293197.04,-1.8,"LID14290","Bay of Plenty","Volcanic",19.94,"Measured","Seasonal but Detailed",29.319704
"Okaro",30.4156,-20.54,409.35,290704.24,-2,"LID14290","Bay of Plenty","Volcanic",19.94,"Measured","Seasonal but Detailed",29.070424
"Okaro",30.4156,-20.54,409.15,288429.24,-2.2,"LID14290","Bay of Plenty","Volcanic",19.94,"Measured","Seasonal but Detailed",28.842924
"Okaro",30.4156,-20.54,408.95,286200.44,-2.4,"LID14290","Bay of Plenty","Volcanic",19.94,"Measured","Seasonal but Detailed",28.620044
"Okaro",30.4156,-20.54,408.75,283933.16,-2.6,"LID14290","Bay of Plenty","Volcanic",19.94,"Measured","Seasonal but Detailed",28.393316
"Okaro",30.4156,-20.54,408.55,281585.96,-2.8,"LID14290","Bay of Plenty","Volcanic",19.94,"Measured","Seasonal but Detailed",28.158596
"Okaro",30.4156,-20.54,408.35,279238.76,-3,"LID14290","Bay of Plenty","Volcanic",19.94,"Measured","Seasonal but Detailed",27.923876
"Okaro",30.4156,-20.54,408.15,276747.68,-3.2,"LID14290","Bay of Plenty","Volcanic",19.94,"Measured","Seasonal but Detailed",27.674768
"Okaro",30.4156,-20.54,407.95,274226.08,-3.4,"LID14290","Bay of Plenty","Volcanic",19.94,"Measured","Seasonal but Detailed",27.422608
"Okaro",30.4156,-20.54,407.75,271764.28,-3.6,"LID14290","Bay of Plenty","Volcanic",19.94,"Measured","Seasonal but Detailed",27.176428
"Okaro",30.4156,-20.54,407.55,269426.68,-3.8,"LID14290","Bay of Plenty","Volcanic",19.94,"Measured","Seasonal but Detailed",26.942668
"Okaro",30.4156,-20.54,407.35,267089.08,-4,"LID14290","Bay of Plenty","Volcanic",19.94,"Measured","Seasonal but Detailed",26.708908
"Okaro",30.4156,-20.54,407.15,264899.32,-4.2,"LID14290","Bay of Plenty","Volcanic",19.94,"Measured","Seasonal but Detailed",26.489932
"Okaro",30.4156,-20.54,406.95,262740.92,-4.4,"LID14290","Bay of Plenty","Volcanic",19.94,"Measured","Seasonal but Detailed",26.274092
"Okaro",30.4156,-20.54,406.75,260662.08,-4.6,"LID14290","Bay of Plenty","Volcanic",19.94,"Measured","Seasonal but Detailed",26.066208
"Okaro",30.4156,-20.54,406.55,258748.48,-4.8,"LID14290","Bay of Plenty","Volcanic",19.94,"Measured","Seasonal but Detailed",25.874848
"Okaro",30.4156,-20.54,406.35,256834.88,-5,"LID14290","Bay of Plenty","Volcanic",19.94,"Measured","Seasonal but Detailed",25.683488
"Okaro",30.4156,-20.54,405.85,252668.4,-5.5,"LID14290","Bay of Plenty","Volcanic",19.94,"Measured","Seasonal but Detailed",25.26684
"Okaro",30.4156,-20.54,405.35,248972.48,-6,"LID14290","Bay of Plenty","Volcanic",19.94,"Measured","Seasonal but Detailed",24.897248
"Okaro",30.4156,-20.54,404.85,245635.84,-6.5,"LID14290","Bay of Plenty","Volcanic",19.94,"Measured","Seasonal but Detailed",24.563584
"Okaro",30.4156,-20.54,404.35,242424.28,-7,"LID14290","Bay of Plenty","Volcanic",19.94,"Measured","Seasonal but Detailed",24.242428
"Okaro",30.4156,-20.54,403.85,239357.92,-7.5,"LID14290","Bay of Plenty","Volcanic",19.94,"Measured","Seasonal but Detailed",23.935792
"Okaro",30.4156,-20.54,403.35,236435.84,-8,"LID14290","Bay of Plenty","Volcanic",19.94,"Measured","Seasonal but Detailed",23.643584
"Okaro",30.4156,-20.54,402.85,233523.84,-8.5,"LID14290","Bay of Plenty","Volcanic",19.94,"Measured","Seasonal but Detailed",23.352384
"Okaro",30.4156,-20.54,402.35,230716,-9,"LID14290","Bay of Plenty","Volcanic",19.94,"Measured","Seasonal but Detailed",23.0716
"Okaro",30.4156,-20.54,401.85,227785.8,-9.5,"LID14290","Bay of Plenty","Volcanic",19.94,"Measured","Seasonal but Detailed",22.77858
"Okaro",30.4156,-20.54,401.35,224790,-10,"LID14290","Bay of Plenty","Volcanic",19.94,"Measured","Seasonal but Detailed",22.479
"Okaro",30.4156,-20.54,400.85,221168.76,-10.5,"LID14290","Bay of Plenty","Volcanic",19.94,"Measured","Seasonal but Detailed",22.116876
"Okaro",30.4156,-20.54,400.35,215212.96,-11,"LID14290","Bay of Plenty","Volcanic",19.94,"Measured","Seasonal but Detailed",21.521296
"Okaro",30.4156,-20.54,399.85,205216.16,-11.5,"LID14290","Bay of Plenty","Volcanic",19.94,"Measured","Seasonal but Detailed",20.521616
"Okaro",30.4156,-20.54,399.35,191446.24,-12,"LID14290","Bay of Plenty","Volcanic",19.94,"Measured","Seasonal but Detailed",19.144624
"Okaro",30.4156,-20.54,398.85,173887.68,-12.5,"LID14290","Bay of Plenty","Volcanic",19.94,"Measured","Seasonal but Detailed",17.388768
"Okaro",30.4156,-20.54,398.35,162718.76,-13,"LID14290","Bay of Plenty","Volcanic",19.94,"Measured","Seasonal but Detailed",16.271876
"Okaro",30.4156,-20.54,397.85,154944.92,-13.5,"LID14290","Bay of Plenty","Volcanic",19.94,"Measured","Seasonal but Detailed",15.494492
"Okaro",30.4156,-20.54,397.35,148073.4,-14,"LID14290","Bay of Plenty","Volcanic",19.94,"Measured","Seasonal but Detailed",14.80734
"Okaro",30.4156,-20.54,396.85,141461.72,-14.5,"LID14290","Bay of Plenty","Volcanic",19.94,"Measured","Seasonal but Detailed",14.146172
"Okaro",30.4156,-20.54,396.35,134556.96,-15,"LID14290","Bay of Plenty","Volcanic",19.94,"Measured","Seasonal but Detailed",13.455696
"Okaro",30.4156,-20.54,395.85,126639.44,-15.5,"LID14290","Bay of Plenty","Volcanic",19.94,"Measured","Seasonal but Detailed",12.663944
"Okaro",30.4156,-20.54,395.35,111906.8,-16,"LID14290","Bay of Plenty","Volcanic",19.94,"Measured","Seasonal but Detailed",11.19068
"Okaro",30.4156,-20.54,394.85,57658.88,-16.5,"LID14290","Bay of Plenty","Volcanic",19.94,"Measured","Seasonal but Detailed",5.765888
"Okaro",30.4156,-20.54,394.35,25491.88,-17,"LID14290","Bay of Plenty","Volcanic",19.94,"Measured","Seasonal but Detailed",2.549188
"Okaro",30.4156,-20.54,393.85,15303.32,-17.5,"LID14290","Bay of Plenty","Volcanic",19.94,"Measured","Seasonal but Detailed",1.530332
"Okaro",30.4156,-20.54,393.35,11794.4,-18,"LID14290","Bay of Plenty","Volcanic",19.94,"Measured","Seasonal but Detailed",1.17944
"Okaro",30.4156,-20.54,392.85,9518.84,-18.5,"LID14290","Bay of Plenty","Volcanic",19.94,"Measured","Seasonal but Detailed",0.951884
"Okaro",30.4156,-20.54,392.35,6890.2,-19,"LID14290","Bay of Plenty","Volcanic",19.94,"Measured","Seasonal but Detailed",0.68902
"Okaro",30.4156,-20.54,391.85,3579.2,-19.5,"LID14290","Bay of Plenty","Volcanic",19.94,"Measured","Seasonal but Detailed",0.35792
"Okaro",30.4156,-20.54,391.35,1108.28,-20,"LID14290","Bay of Plenty","Volcanic",19.94,"Measured","Seasonal but Detailed",0.110828
"Okaro",30.4156,-20.54,390.81,0,-20.54,"LID14290","Bay of Plenty","Volcanic",19.94,"Measured","Seasonal but Detailed",0
"Rotoehu",796.5248,-22.7,302.97,7965248,0,"LID40188","Bay of Plenty","Volcanic",22.7,"Measured","Seasonal but Detailed",796.5248
"Rotoehu",796.5248,-22.7,302.77,7965244,-0.2,"LID40188","Bay of Plenty","Volcanic",22.7,"Measured","Seasonal but Detailed",796.5244
"Rotoehu",796.5248,-22.7,302.57,7965244,-0.4,"LID40188","Bay of Plenty","Volcanic",22.7,"Measured","Seasonal but Detailed",796.5244
"Rotoehu",796.5248,-22.7,302.37,7965244,-0.6,"LID40188","Bay of Plenty","Volcanic",22.7,"Measured","Seasonal but Detailed",796.5244
"Rotoehu",796.5248,-22.7,302.17,7965244,-0.8,"LID40188","Bay of Plenty","Volcanic",22.7,"Measured","Seasonal but Detailed",796.5244
"Rotoehu",796.5248,-22.7,301.97,7965244,-1,"LID40188","Bay of Plenty","Volcanic",22.7,"Measured","Seasonal but Detailed",796.5244
"Rotoehu",796.5248,-22.7,301.77,7965244,-1.2,"LID40188","Bay of Plenty","Volcanic",22.7,"Measured","Seasonal but Detailed",796.5244
"Rotoehu",796.5248,-22.7,301.57,7965244,-1.4,"LID40188","Bay of Plenty","Volcanic",22.7,"Measured","Seasonal but Detailed",796.5244
"Rotoehu",796.5248,-22.7,301.37,7965244,-1.6,"LID40188","Bay of Plenty","Volcanic",22.7,"Measured","Seasonal but Detailed",796.5244
"Rotoehu",796.5248,-22.7,301.17,7965244,-1.8,"LID40188","Bay of Plenty","Volcanic",22.7,"Measured","Seasonal but Detailed",796.5244
"Rotoehu",796.5248,-22.7,300.97,7965244,-2,"LID40188","Bay of Plenty","Volcanic",22.7,"Measured","Seasonal but Detailed",796.5244
"Rotoehu",796.5248,-22.7,300.77,7965244,-2.2,"LID40188","Bay of Plenty","Volcanic",22.7,"Measured","Seasonal but Detailed",796.5244
"Rotoehu",796.5248,-22.7,300.57,7965244,-2.4,"LID40188","Bay of Plenty","Volcanic",22.7,"Measured","Seasonal but Detailed",796.5244
"Rotoehu",796.5248,-22.7,300.37,7965244,-2.6,"LID40188","Bay of Plenty","Volcanic",22.7,"Measured","Seasonal but Detailed",796.5244
"Rotoehu",796.5248,-22.7,300.17,7965244,-2.8,"LID40188","Bay of Plenty","Volcanic",22.7,"Measured","Seasonal but Detailed",796.5244
"Rotoehu",796.5248,-22.7,299.97,7965244,-3,"LID40188","Bay of Plenty","Volcanic",22.7,"Measured","Seasonal but Detailed",796.5244
"Rotoehu",796.5248,-22.7,299.77,7965243.98,-3.2,"LID40188","Bay of Plenty","Volcanic",22.7,"Measured","Seasonal but Detailed",796.524398
"Rotoehu",796.5248,-22.7,299.57,7965242.38,-3.4,"LID40188","Bay of Plenty","Volcanic",22.7,"Measured","Seasonal but Detailed",796.524238
"Rotoehu",796.5248,-22.7,299.37,7965240.78,-3.6,"LID40188","Bay of Plenty","Volcanic",22.7,"Measured","Seasonal but Detailed",796.524078
"Rotoehu",796.5248,-22.7,299.17,7965239.18,-3.8,"LID40188","Bay of Plenty","Volcanic",22.7,"Measured","Seasonal but Detailed",796.523918
"Rotoehu",796.5248,-22.7,298.97,7965237.58,-4,"LID40188","Bay of Plenty","Volcanic",22.7,"Measured","Seasonal but Detailed",796.523758
"Rotoehu",796.5248,-22.7,298.77,7965235.97,-4.2,"LID40188","Bay of Plenty","Volcanic",22.7,"Measured","Seasonal but Detailed",796.523597
"Rotoehu",796.5248,-22.7,298.57,7965232.77,-4.4,"LID40188","Bay of Plenty","Volcanic",22.7,"Measured","Seasonal but Detailed",796.523277
"Rotoehu",796.5248,-22.7,298.37,7965229.57,-4.6,"LID40188","Bay of Plenty","Volcanic",22.7,"Measured","Seasonal but Detailed",796.522957
"Rotoehu",796.5248,-22.7,298.17,7965228,-4.8,"LID40188","Bay of Plenty","Volcanic",22.7,"Measured","Seasonal but Detailed",796.5228
"Rotoehu",796.5248,-22.7,297.97,7965228,-5,"LID40188","Bay of Plenty","Volcanic",22.7,"Measured","Seasonal but Detailed",796.5228
"Rotoehu",796.5248,-22.7,297.47,7965215.92,-5.5,"LID40188","Bay of Plenty","Volcanic",22.7,"Measured","Seasonal but Detailed",796.521592
"Rotoehu",796.5248,-22.7,296.97,7965205.58,-6,"LID40188","Bay of Plenty","Volcanic",22.7,"Measured","Seasonal but Detailed",796.520558
"Rotoehu",796.5248,-22.7,296.47,7965172.59,-6.5,"LID40188","Bay of Plenty","Volcanic",22.7,"Measured","Seasonal but Detailed",796.517259
"Rotoehu",796.5248,-22.7,295.97,7965079.52,-7,"LID40188","Bay of Plenty","Volcanic",22.7,"Measured","Seasonal but Detailed",796.507952
"Rotoehu",796.5248,-22.7,295.47,7964807.31,-7.5,"LID40188","Bay of Plenty","Volcanic",22.7,"Measured","Seasonal but Detailed",796.480731
"Rotoehu",796.5248,-22.7,294.97,7963118.59,-8,"LID40188","Bay of Plenty","Volcanic",22.7,"Measured","Seasonal but Detailed",796.311859
"Rotoehu",796.5248,-22.7,294.47,7941337.65,-8.5,"LID40188","Bay of Plenty","Volcanic",22.7,"Measured","Seasonal but Detailed",794.133765
"Rotoehu",796.5248,-22.7,293.97,7813539.84,-9,"LID40188","Bay of Plenty","Volcanic",22.7,"Measured","Seasonal but Detailed",781.353984
"Rotoehu",796.5248,-22.7,293.47,7638899.2,-9.5,"LID40188","Bay of Plenty","Volcanic",22.7,"Measured","Seasonal but Detailed",763.88992
"Rotoehu",796.5248,-22.7,292.97,7440145.79,-10,"LID40188","Bay of Plenty","Volcanic",22.7,"Measured","Seasonal but Detailed",744.014579
"Rotoehu",796.5248,-22.7,292.47,7236395.18,-10.5,"LID40188","Bay of Plenty","Volcanic",22.7,"Measured","Seasonal but Detailed",723.639518
"Rotoehu",796.5248,-22.7,291.97,7041266.46,-11,"LID40188","Bay of Plenty","Volcanic",22.7,"Measured","Seasonal but Detailed",704.126646
"Rotoehu",796.5248,-22.7,291.47,6821499.06,-11.5,"LID40188","Bay of Plenty","Volcanic",22.7,"Measured","Seasonal but Detailed",682.149906
"Rotoehu",796.5248,-22.7,290.97,6536163.82,-12,"LID40188","Bay of Plenty","Volcanic",22.7,"Measured","Seasonal but Detailed",653.616382
"Rotoehu",796.5248,-22.7,290.47,6236342.35,-12.5,"LID40188","Bay of Plenty","Volcanic",22.7,"Measured","Seasonal but Detailed",623.634235
"Rotoehu",796.5248,-22.7,289.97,5992834.43,-13,"LID40188","Bay of Plenty","Volcanic",22.7,"Measured","Seasonal but Detailed",599.283443
"Rotoehu",796.5248,-22.7,289.47,5788759.28,-13.5,"LID40188","Bay of Plenty","Volcanic",22.7,"Measured","Seasonal but Detailed",578.875928
"Rotoehu",796.5248,-22.7,288.97,5582072.32,-14,"LID40188","Bay of Plenty","Volcanic",22.7,"Measured","Seasonal but Detailed",558.207232
"Rotoehu",796.5248,-22.7,288.47,5390903.57,-14.5,"LID40188","Bay of Plenty","Volcanic",22.7,"Measured","Seasonal but Detailed",539.090357
"Rotoehu",796.5248,-22.7,287.97,5238276.37,-15,"LID40188","Bay of Plenty","Volcanic",22.7,"Measured","Seasonal but Detailed",523.827637
"Rotoehu",796.5248,-22.7,287.47,5107400.59,-15.5,"LID40188","Bay of Plenty","Volcanic",22.7,"Measured","Seasonal but Detailed",510.740059
"Rotoehu",796.5248,-22.7,286.97,4977205.38,-16,"LID40188","Bay of Plenty","Volcanic",22.7,"Measured","Seasonal but Detailed",497.720538
"Rotoehu",796.5248,-22.7,286.47,4844466.18,-16.5,"LID40188","Bay of Plenty","Volcanic",22.7,"Measured","Seasonal but Detailed",484.446618
"Rotoehu",796.5248,-22.7,285.97,4703838.43,-17,"LID40188","Bay of Plenty","Volcanic",22.7,"Measured","Seasonal but Detailed",470.383843
"Rotoehu",796.5248,-22.7,285.47,4533492.1,-17.5,"LID40188","Bay of Plenty","Volcanic",22.7,"Measured","Seasonal but Detailed",453.34921
"Rotoehu",796.5248,-22.7,284.97,4332980.61,-18,"LID40188","Bay of Plenty","Volcanic",22.7,"Measured","Seasonal but Detailed",433.298061
"Rotoehu",796.5248,-22.7,284.47,4071531.15,-18.5,"LID40188","Bay of Plenty","Volcanic",22.7,"Measured","Seasonal but Detailed",407.153115
"Rotoehu",796.5248,-22.7,283.97,3614563.65,-19,"LID40188","Bay of Plenty","Volcanic",22.7,"Measured","Seasonal but Detailed",361.456365
"Rotoehu",796.5248,-22.7,283.47,2929998.64,-19.5,"LID40188","Bay of Plenty","Volcanic",22.7,"Measured","Seasonal but Detailed",292.999864
"Rotoehu",796.5248,-22.7,282.97,2229276.75,-20,"LID40188","Bay of Plenty","Volcanic",22.7,"Measured","Seasonal but Detailed",222.927675
"Rotoehu",796.5248,-22.7,281.97,697672.32,-21,"LID40188","Bay of Plenty","Volcanic",22.7,"Measured","Seasonal but Detailed",69.767232
"Rotoehu",796.5248,-22.7,280.97,18495.52,-22,"LID40188","Bay of Plenty","Volcanic",22.7,"Measured","Seasonal but Detailed",1.849552
"Rotoehu",796.5248,-22.7,280.27,0,-22.7,"LID40188","Bay of Plenty","Volcanic",22.7,"Measured","Seasonal but Detailed",0
"Rotoiti (Bay of Plenty)",3382.428,-101.3,283.22,33824280,0,"LID54730","Bay of Plenty","Volcanic",101.3,"Measured","Seasonal but Detailed",3382.428
"Rotoiti (Bay of Plenty)",3382.428,-101.3,283.02,33824276.93,-0.2,"LID54730","Bay of Plenty","Volcanic",101.3,"Measured","Seasonal but Detailed",3382.427693
"Rotoiti (Bay of Plenty)",3382.428,-101.3,282.82,33824273.86,-0.4,"LID54730","Bay of Plenty","Volcanic",101.3,"Measured","Seasonal but Detailed",3382.427386
"Rotoiti (Bay of Plenty)",3382.428,-101.3,282.62,33824270.79,-0.6,"LID54730","Bay of Plenty","Volcanic",101.3,"Measured","Seasonal but Detailed",3382.427079
"Rotoiti (Bay of Plenty)",3382.428,-101.3,282.42,33824267.72,-0.8,"LID54730","Bay of Plenty","Volcanic",101.3,"Measured","Seasonal but Detailed",3382.426772
"Rotoiti (Bay of Plenty)",3382.428,-101.3,282.22,33824264.65,-1,"LID54730","Bay of Plenty","Volcanic",101.3,"Measured","Seasonal but Detailed",3382.426465
"Rotoiti (Bay of Plenty)",3382.428,-101.3,282.02,33824261.58,-1.2,"LID54730","Bay of Plenty","Volcanic",101.3,"Measured","Seasonal but Detailed",3382.426158
"Rotoiti (Bay of Plenty)",3382.428,-101.3,281.82,33798796.8,-1.4,"LID54730","Bay of Plenty","Volcanic",101.3,"Measured","Seasonal but Detailed",3379.87968
"Rotoiti (Bay of Plenty)",3382.428,-101.3,281.62,33746295.36,-1.6,"LID54730","Bay of Plenty","Volcanic",101.3,"Measured","Seasonal but Detailed",3374.629536
"Rotoiti (Bay of Plenty)",3382.428,-101.3,281.42,33693793.92,-1.8,"LID54730","Bay of Plenty","Volcanic",101.3,"Measured","Seasonal but Detailed",3369.379392
"Rotoiti (Bay of Plenty)",3382.428,-101.3,281.22,33641292.48,-2,"LID54730","Bay of Plenty","Volcanic",101.3,"Measured","Seasonal but Detailed",3364.129248
"Rotoiti (Bay of Plenty)",3382.428,-101.3,281.02,33588791.04,-2.2,"LID54730","Bay of Plenty","Volcanic",101.3,"Measured","Seasonal but Detailed",3358.879104
"Rotoiti (Bay of Plenty)",3382.428,-101.3,280.82,33536289.6,-2.4,"LID54730","Bay of Plenty","Volcanic",101.3,"Measured","Seasonal but Detailed",3353.62896
"Rotoiti (Bay of Plenty)",3382.428,-101.3,280.62,33483788.16,-2.6,"LID54730","Bay of Plenty","Volcanic",101.3,"Measured","Seasonal but Detailed",3348.378816
"Rotoiti (Bay of Plenty)",3382.428,-101.3,280.42,33431286.72,-2.8,"LID54730","Bay of Plenty","Volcanic",101.3,"Measured","Seasonal but Detailed",3343.128672
"Rotoiti (Bay of Plenty)",3382.428,-101.3,280.22,33378785.28,-3,"LID54730","Bay of Plenty","Volcanic",101.3,"Measured","Seasonal but Detailed",3337.878528
"Rotoiti (Bay of Plenty)",3382.428,-101.3,280.02,33326283.84,-3.2,"LID54730","Bay of Plenty","Volcanic",101.3,"Measured","Seasonal but Detailed",3332.628384
"Rotoiti (Bay of Plenty)",3382.428,-101.3,279.82,33273782.4,-3.4,"LID54730","Bay of Plenty","Volcanic",101.3,"Measured","Seasonal but Detailed",3327.37824
"Rotoiti (Bay of Plenty)",3382.428,-101.3,279.62,33221280.96,-3.6,"LID54730","Bay of Plenty","Volcanic",101.3,"Measured","Seasonal but Detailed",3322.128096
"Rotoiti (Bay of Plenty)",3382.428,-101.3,279.42,33168779.52,-3.8,"LID54730","Bay of Plenty","Volcanic",101.3,"Measured","Seasonal but Detailed",3316.877952
"Rotoiti (Bay of Plenty)",3382.428,-101.3,279.22,33116278.08,-4,"LID54730","Bay of Plenty","Volcanic",101.3,"Measured","Seasonal but Detailed",3311.627808
"Rotoiti (Bay of Plenty)",3382.428,-101.3,279.02,33063776.64,-4.2,"LID54730","Bay of Plenty","Volcanic",101.3,"Measured","Seasonal but Detailed",3306.377664
"Rotoiti (Bay of Plenty)",3382.428,-101.3,278.82,33011275.2,-4.4,"LID54730","Bay of Plenty","Volcanic",101.3,"Measured","Seasonal but Detailed",3301.12752
"Rotoiti (Bay of Plenty)",3382.428,-101.3,278.62,32958773.76,-4.6,"LID54730","Bay of Plenty","Volcanic",101.3,"Measured","Seasonal but Detailed",3295.877376
"Rotoiti (Bay of Plenty)",3382.428,-101.3,278.42,32906272.32,-4.8,"LID54730","Bay of Plenty","Volcanic",101.3,"Measured","Seasonal but Detailed",3290.627232
"Rotoiti (Bay of Plenty)",3382.428,-101.3,278.22,32853770.88,-5,"LID54730","Bay of Plenty","Volcanic",101.3,"Measured","Seasonal but Detailed",3285.377088
"Rotoiti (Bay of Plenty)",3382.428,-101.3,277.72,32722517.28,-5.5,"LID54730","Bay of Plenty","Volcanic",101.3,"Measured","Seasonal but Detailed",3272.251728
"Rotoiti (Bay of Plenty)",3382.428,-101.3,277.22,32591263.68,-6,"LID54730","Bay of Plenty","Volcanic",101.3,"Measured","Seasonal but Detailed",3259.126368
"Rotoiti (Bay of Plenty)",3382.428,-101.3,276.72,32383469.59,-6.5,"LID54730","Bay of Plenty","Volcanic",101.3,"Measured","Seasonal but Detailed",3238.346959
"Rotoiti (Bay of Plenty)",3382.428,-101.3,276.22,32057950.79,-7,"LID54730","Bay of Plenty","Volcanic",101.3,"Measured","Seasonal but Detailed",3205.795079
"Rotoiti (Bay of Plenty)",3382.428,-101.3,275.72,31732431.99,-7.5,"LID54730","Bay of Plenty","Volcanic",101.3,"Measured","Seasonal but Detailed",3173.243199
"Rotoiti (Bay of Plenty)",3382.428,-101.3,275.22,31406913.19,-8,"LID54730","Bay of Plenty","Volcanic",101.3,"Measured","Seasonal but Detailed",3140.691319
"Rotoiti (Bay of Plenty)",3382.428,-101.3,274.72,31081394.39,-8.5,"LID54730","Bay of Plenty","Volcanic",101.3,"Measured","Seasonal but Detailed",3108.139439
"Rotoiti (Bay of Plenty)",3382.428,-101.3,274.22,30755875.59,-9,"LID54730","Bay of Plenty","Volcanic",101.3,"Measured","Seasonal but Detailed",3075.587559
"Rotoiti (Bay of Plenty)",3382.428,-101.3,273.72,30430356.79,-9.5,"LID54730","Bay of Plenty","Volcanic",101.3,"Measured","Seasonal but Detailed",3043.035679
"Rotoiti (Bay of Plenty)",3382.428,-101.3,273.22,30104837.99,-10,"LID54730","Bay of Plenty","Volcanic",101.3,"Measured","Seasonal but Detailed",3010.483799
"Rotoiti (Bay of Plenty)",3382.428,-101.3,272.72,29779319.19,-10.5,"LID54730","Bay of Plenty","Volcanic",101.3,"Measured","Seasonal but Detailed",2977.931919
"Rotoiti (Bay of Plenty)",3382.428,-101.3,272.22,29453800.39,-11,"LID54730","Bay of Plenty","Volcanic",101.3,"Measured","Seasonal but Detailed",2945.380039
"Rotoiti (Bay of Plenty)",3382.428,-101.3,271.72,29135131.36,-11.5,"LID54730","Bay of Plenty","Volcanic",101.3,"Measured","Seasonal but Detailed",2913.513136
"Rotoiti (Bay of Plenty)",3382.428,-101.3,271.22,28826997.76,-12,"LID54730","Bay of Plenty","Volcanic",101.3,"Measured","Seasonal but Detailed",2882.699776
"Rotoiti (Bay of Plenty)",3382.428,-101.3,270.72,28518864.16,-12.5,"LID54730","Bay of Plenty","Volcanic",101.3,"Measured","Seasonal but Detailed",2851.886416
"Rotoiti (Bay of Plenty)",3382.428,-101.3,270.22,28210730.56,-13,"LID54730","Bay of Plenty","Volcanic",101.3,"Measured","Seasonal but Detailed",2821.073056
"Rotoiti (Bay of Plenty)",3382.428,-101.3,269.72,27902596.96,-13.5,"LID54730","Bay of Plenty","Volcanic",101.3,"Measured","Seasonal but Detailed",2790.259696
"Rotoiti (Bay of Plenty)",3382.428,-101.3,269.22,27594463.36,-14,"LID54730","Bay of Plenty","Volcanic",101.3,"Measured","Seasonal but Detailed",2759.446336
"Rotoiti (Bay of Plenty)",3382.428,-101.3,268.72,27286329.76,-14.5,"LID54730","Bay of Plenty","Volcanic",101.3,"Measured","Seasonal but Detailed",2728.632976
"Rotoiti (Bay of Plenty)",3382.428,-101.3,268.22,26978196.16,-15,"LID54730","Bay of Plenty","Volcanic",101.3,"Measured","Seasonal but Detailed",2697.819616
"Rotoiti (Bay of Plenty)",3382.428,-101.3,267.72,26670062.56,-15.5,"LID54730","Bay of Plenty","Volcanic",101.3,"Measured","Seasonal but Detailed",2667.006256
"Rotoiti (Bay of Plenty)",3382.428,-101.3,267.22,26361928.96,-16,"LID54730","Bay of Plenty","Volcanic",101.3,"Measured","Seasonal but Detailed",2636.192896
"Rotoiti (Bay of Plenty)",3382.428,-101.3,266.72,26104587.16,-16.5,"LID54730","Bay of Plenty","Volcanic",101.3,"Measured","Seasonal but Detailed",2610.458716
"Rotoiti (Bay of Plenty)",3382.428,-101.3,266.22,25925366.76,-17,"LID54730","Bay of Plenty","Volcanic",101.3,"Measured","Seasonal but Detailed",2592.536676
"Rotoiti (Bay of Plenty)",3382.428,-101.3,265.72,25746146.36,-17.5,"LID54730","Bay of Plenty","Volcanic",101.3,"Measured","Seasonal but Detailed",2574.614636
"Rotoiti (Bay of Plenty)",3382.428,-101.3,265.22,25566925.96,-18,"LID54730","Bay of Plenty","Volcanic",101.3,"Measured","Seasonal but Detailed",2556.692596
"Rotoiti (Bay of Plenty)",3382.428,-101.3,264.72,25387705.56,-18.5,"LID54730","Bay of Plenty","Volcanic",101.3,"Measured","Seasonal but Detailed",2538.770556
"Rotoiti (Bay of Plenty)",3382.428,-101.3,264.22,25208485.16,-19,"LID54730","Bay of Plenty","Volcanic",101.3,"Measured","Seasonal but Detailed",2520.848516
"Rotoiti (Bay of Plenty)",3382.428,-101.3,263.72,25029264.76,-19.5,"LID54730","Bay of Plenty","Volcanic",101.3,"Measured","Seasonal but Detailed",2502.926476
"Rotoiti (Bay of Plenty)",3382.428,-101.3,263.22,24850044.36,-20,"LID54730","Bay of Plenty","Volcanic",101.3,"Measured","Seasonal but Detailed",2485.004436
"Rotoiti (Bay of Plenty)",3382.428,-101.3,262.22,24491603.56,-21,"LID54730","Bay of Plenty","Volcanic",101.3,"Measured","Seasonal but Detailed",2449.160356
"Rotoiti (Bay of Plenty)",3382.428,-101.3,261.22,24104097.3,-22,"LID54730","Bay of Plenty","Volcanic",101.3,"Measured","Seasonal but Detailed",2410.40973
"Rotoiti (Bay of Plenty)",3382.428,-101.3,260.22,23703955.7,-23,"LID54730","Bay of Plenty","Volcanic",101.3,"Measured","Seasonal but Detailed",2370.39557
"Rotoiti (Bay of Plenty)",3382.428,-101.3,259.22,23303814.1,-24,"LID54730","Bay of Plenty","Volcanic",101.3,"Measured","Seasonal but Detailed",2330.38141
"Rotoiti (Bay of Plenty)",3382.428,-101.3,258.22,22903672.5,-25,"LID54730","Bay of Plenty","Volcanic",101.3,"Measured","Seasonal but Detailed",2290.36725
"Rotoiti (Bay of Plenty)",3382.428,-101.3,257.22,22503530.9,-26,"LID54730","Bay of Plenty","Volcanic",101.3,"Measured","Seasonal but Detailed",2250.35309
"Rotoiti (Bay of Plenty)",3382.428,-101.3,256.22,22189337.21,-27,"LID54730","Bay of Plenty","Volcanic",101.3,"Measured","Seasonal but Detailed",2218.933721
"Rotoiti (Bay of Plenty)",3382.428,-101.3,255.22,21912506.81,-28,"LID54730","Bay of Plenty","Volcanic",101.3,"Measured","Seasonal but Detailed",2191.250681
"Rotoiti (Bay of Plenty)",3382.428,-101.3,254.22,21635676.41,-29,"LID54730","Bay of Plenty","Volcanic",101.3,"Measured","Seasonal but Detailed",2163.567641
"Rotoiti (Bay of Plenty)",3382.428,-101.3,253.22,21358846.01,-30,"LID54730","Bay of Plenty","Volcanic",101.3,"Measured","Seasonal but Detailed",2135.884601
"Rotoiti (Bay of Plenty)",3382.428,-101.3,252.22,21082015.61,-31,"LID54730","Bay of Plenty","Volcanic",101.3,"Measured","Seasonal but Detailed",2108.201561
"Rotoiti (Bay of Plenty)",3382.428,-101.3,251.22,20623700.35,-32,"LID54730","Bay of Plenty","Volcanic",101.3,"Measured","Seasonal but Detailed",2062.370035
"Rotoiti (Bay of Plenty)",3382.428,-101.3,250.22,20086489.95,-33,"LID54730","Bay of Plenty","Volcanic",101.3,"Measured","Seasonal but Detailed",2008.648995
"Rotoiti (Bay of Plenty)",3382.428,-101.3,249.22,19549279.55,-34,"LID54730","Bay of Plenty","Volcanic",101.3,"Measured","Seasonal but Detailed",1954.927955
"Rotoiti (Bay of Plenty)",3382.428,-101.3,248.22,19012069.15,-35,"LID54730","Bay of Plenty","Volcanic",101.3,"Measured","Seasonal but Detailed",1901.206915
"Rotoiti (Bay of Plenty)",3382.428,-101.3,247.22,18474858.75,-36,"LID54730","Bay of Plenty","Volcanic",101.3,"Measured","Seasonal but Detailed",1847.485875
"Rotoiti (Bay of Plenty)",3382.428,-101.3,246.22,17759168.96,-37,"LID54730","Bay of Plenty","Volcanic",101.3,"Measured","Seasonal but Detailed",1775.916896
"Rotoiti (Bay of Plenty)",3382.428,-101.3,245.22,16965890.56,-38,"LID54730","Bay of Plenty","Volcanic",101.3,"Measured","Seasonal but Detailed",1696.589056
"Rotoiti (Bay of Plenty)",3382.428,-101.3,244.22,16172612.16,-39,"LID54730","Bay of Plenty","Volcanic",101.3,"Measured","Seasonal but Detailed",1617.261216
"Rotoiti (Bay of Plenty)",3382.428,-101.3,243.22,15379333.76,-40,"LID54730","Bay of Plenty","Volcanic",101.3,"Measured","Seasonal but Detailed",1537.933376
"Rotoiti (Bay of Plenty)",3382.428,-101.3,242.22,14586055.36,-41,"LID54730","Bay of Plenty","Volcanic",101.3,"Measured","Seasonal but Detailed",1458.605536
"Rotoiti (Bay of Plenty)",3382.428,-101.3,241.22,13776586.48,-42,"LID54730","Bay of Plenty","Volcanic",101.3,"Measured","Seasonal but Detailed",1377.658648
"Rotoiti (Bay of Plenty)",3382.428,-101.3,240.22,12960079.28,-43,"LID54730","Bay of Plenty","Volcanic",101.3,"Measured","Seasonal but Detailed",1296.007928
"Rotoiti (Bay of Plenty)",3382.428,-101.3,239.22,12143572.08,-44,"LID54730","Bay of Plenty","Volcanic",101.3,"Measured","Seasonal but Detailed",1214.357208
"Rotoiti (Bay of Plenty)",3382.428,-101.3,238.22,11327064.88,-45,"LID54730","Bay of Plenty","Volcanic",101.3,"Measured","Seasonal but Detailed",1132.706488
"Rotoiti (Bay of Plenty)",3382.428,-101.3,237.22,10510557.68,-46,"LID54730","Bay of Plenty","Volcanic",101.3,"Measured","Seasonal but Detailed",1051.055768
"Rotoiti (Bay of Plenty)",3382.428,-101.3,236.22,9872119.48,-47,"LID54730","Bay of Plenty","Volcanic",101.3,"Measured","Seasonal but Detailed",987.211948
"Rotoiti (Bay of Plenty)",3382.428,-101.3,235.22,9311091.48,-48,"LID54730","Bay of Plenty","Volcanic",101.3,"Measured","Seasonal but Detailed",931.109148
"Rotoiti (Bay of Plenty)",3382.428,-101.3,234.22,8750063.48,-49,"LID54730","Bay of Plenty","Volcanic",101.3,"Measured","Seasonal but Detailed",875.006348
"Rotoiti (Bay of Plenty)",3382.428,-101.3,233.22,8189035.48,-50,"LID54730","Bay of Plenty","Volcanic",101.3,"Measured","Seasonal but Detailed",818.903548
"Rotoiti (Bay of Plenty)",3382.428,-101.3,231.22,7039486.46,-52,"LID54730","Bay of Plenty","Volcanic",101.3,"Measured","Seasonal but Detailed",703.948646
"Rotoiti (Bay of Plenty)",3382.428,-101.3,229.22,5838540.86,-54,"LID54730","Bay of Plenty","Volcanic",101.3,"Measured","Seasonal but Detailed",583.854086
"Rotoiti (Bay of Plenty)",3382.428,-101.3,227.22,4637595.26,-56,"LID54730","Bay of Plenty","Volcanic",101.3,"Measured","Seasonal but Detailed",463.759526
"Rotoiti (Bay of Plenty)",3382.428,-101.3,225.22,3710945.95,-58,"LID54730","Bay of Plenty","Volcanic",101.3,"Measured","Seasonal but Detailed",371.094595
"Rotoiti (Bay of Plenty)",3382.428,-101.3,223.22,2833272.35,-60,"LID54730","Bay of Plenty","Volcanic",101.3,"Measured","Seasonal but Detailed",283.327235
"Rotoiti (Bay of Plenty)",3382.428,-101.3,221.22,2109599.51,-62,"LID54730","Bay of Plenty","Volcanic",101.3,"Measured","Seasonal but Detailed",210.959951
"Rotoiti (Bay of Plenty)",3382.428,-101.3,219.22,1673821.91,-64,"LID54730","Bay of Plenty","Volcanic",101.3,"Measured","Seasonal but Detailed",167.382191
"Rotoiti (Bay of Plenty)",3382.428,-101.3,217.22,1238044.31,-66,"LID54730","Bay of Plenty","Volcanic",101.3,"Measured","Seasonal but Detailed",123.804431
"Rotoiti (Bay of Plenty)",3382.428,-101.3,215.22,950307.56,-68,"LID54730","Bay of Plenty","Volcanic",101.3,"Measured","Seasonal but Detailed",95.030756
"Rotoiti (Bay of Plenty)",3382.428,-101.3,213.22,689003.56,-70,"LID54730","Bay of Plenty","Volcanic",101.3,"Measured","Seasonal but Detailed",68.900356
"Rotoiti (Bay of Plenty)",3382.428,-101.3,211.22,480302.98,-72,"LID54730","Bay of Plenty","Volcanic",101.3,"Measured","Seasonal but Detailed",48.030298
"Rotoiti (Bay of Plenty)",3382.428,-101.3,209.22,369941.38,-74,"LID54730","Bay of Plenty","Volcanic",101.3,"Measured","Seasonal but Detailed",36.994138
"Rotoiti (Bay of Plenty)",3382.428,-101.3,207.22,259579.78,-76,"LID54730","Bay of Plenty","Volcanic",101.3,"Measured","Seasonal but Detailed",25.957978
"Rotoiti (Bay of Plenty)",3382.428,-101.3,205.22,215148.67,-78,"LID54730","Bay of Plenty","Volcanic",101.3,"Measured","Seasonal but Detailed",21.514867
"Rotoiti (Bay of Plenty)",3382.428,-101.3,203.22,182489.47,-80,"LID54730","Bay of Plenty","Volcanic",101.3,"Measured","Seasonal but Detailed",18.248947
"Rotoiti (Bay of Plenty)",3382.428,-101.3,201.22,153713.4,-82,"LID54730","Bay of Plenty","Volcanic",101.3,"Measured","Seasonal but Detailed",15.37134
"Rotoiti (Bay of Plenty)",3382.428,-101.3,199.22,132196.6,-84,"LID54730","Bay of Plenty","Volcanic",101.3,"Measured","Seasonal but Detailed",13.21966
"Rotoiti (Bay of Plenty)",3382.428,-101.3,197.22,110679.8,-86,"LID54730","Bay of Plenty","Volcanic",101.3,"Measured","Seasonal but Detailed",11.06798
"Rotoiti (Bay of Plenty)",3382.428,-101.3,195.22,88340.29,-88,"LID54730","Bay of Plenty","Volcanic",101.3,"Measured","Seasonal but Detailed",8.834029
"Rotoiti (Bay of Plenty)",3382.428,-101.3,193.22,65853.89,-90,"LID54730","Bay of Plenty","Volcanic",101.3,"Measured","Seasonal but Detailed",6.585389
"Rotoiti (Bay of Plenty)",3382.428,-101.3,191.22,46556.4,-92,"LID54730","Bay of Plenty","Volcanic",101.3,"Measured","Seasonal but Detailed",4.65564
"Rotoiti (Bay of Plenty)",3382.428,-101.3,189.22,33220.4,-94,"LID54730","Bay of Plenty","Volcanic",101.3,"Measured","Seasonal but Detailed",3.32204
"Rotoiti (Bay of Plenty)",3382.428,-101.3,187.22,19884.4,-96,"LID54730","Bay of Plenty","Volcanic",101.3,"Measured","Seasonal but Detailed",1.98844
"Rotoiti (Bay of Plenty)",3382.428,-101.3,185.22,11800.96,-98,"LID54730","Bay of Plenty","Volcanic",101.3,"Measured","Seasonal but Detailed",1.180096
"Rotoiti (Bay of Plenty)",3382.428,-101.3,183.22,4655.36,-100,"LID54730","Bay of Plenty","Volcanic",101.3,"Measured","Seasonal but Detailed",0.465536
"Rotoiti (Bay of Plenty)",3382.428,-101.3,181.92,0,-101.3,"LID54730","Bay of Plenty","Volcanic",101.3,"Measured","Seasonal but Detailed",0
"Rotoma",1050.4404,-89.13,318.41,10504404,0,"LID40102","Bay of Plenty","Volcanic",89.13,"Measured","Seasonal but Detailed",1050.4404
"Rotoma",1050.4404,-89.13,318.21,10504399.74,-0.2,"LID40102","Bay of Plenty","Volcanic",89.13,"Measured","Seasonal but Detailed",1050.439974
"Rotoma",1050.4404,-89.13,318.01,10504398.94,-0.4,"LID40102","Bay of Plenty","Volcanic",89.13,"Measured","Seasonal but Detailed",1050.439894
"Rotoma",1050.4404,-89.13,317.81,10504398.14,-0.6,"LID40102","Bay of Plenty","Volcanic",89.13,"Measured","Seasonal but Detailed",1050.439814
"Rotoma",1050.4404,-89.13,317.61,10504397.34,-0.8,"LID40102","Bay of Plenty","Volcanic",89.13,"Measured","Seasonal but Detailed",1050.439734
"Rotoma",1050.4404,-89.13,317.41,10504396.54,-1,"LID40102","Bay of Plenty","Volcanic",89.13,"Measured","Seasonal but Detailed",1050.439654
"Rotoma",1050.4404,-89.13,317.21,10504395.47,-1.2,"LID40102","Bay of Plenty","Volcanic",89.13,"Measured","Seasonal but Detailed",1050.439547
"Rotoma",1050.4404,-89.13,317.01,10504393.87,-1.4,"LID40102","Bay of Plenty","Volcanic",89.13,"Measured","Seasonal but Detailed",1050.439387
"Rotoma",1050.4404,-89.13,316.81,10504392.27,-1.6,"LID40102","Bay of Plenty","Volcanic",89.13,"Measured","Seasonal but Detailed",1050.439227
"Rotoma",1050.4404,-89.13,316.61,10504390.67,-1.8,"LID40102","Bay of Plenty","Volcanic",89.13,"Measured","Seasonal but Detailed",1050.439067
"Rotoma",1050.4404,-89.13,316.41,10504389.07,-2,"LID40102","Bay of Plenty","Volcanic",89.13,"Measured","Seasonal but Detailed",1050.438907
"Rotoma",1050.4404,-89.13,316.21,10504382.46,-2.2,"LID40102","Bay of Plenty","Volcanic",89.13,"Measured","Seasonal but Detailed",1050.438246
"Rotoma",1050.4404,-89.13,316.01,10504365.66,-2.4,"LID40102","Bay of Plenty","Volcanic",89.13,"Measured","Seasonal but Detailed",1050.436566
"Rotoma",1050.4404,-89.13,315.81,10504348.86,-2.6,"LID40102","Bay of Plenty","Volcanic",89.13,"Measured","Seasonal but Detailed",1050.434886
"Rotoma",1050.4404,-89.13,315.61,10504332.06,-2.8,"LID40102","Bay of Plenty","Volcanic",89.13,"Measured","Seasonal but Detailed",1050.433206
"Rotoma",1050.4404,-89.13,315.41,10504315.26,-3,"LID40102","Bay of Plenty","Volcanic",89.13,"Measured","Seasonal but Detailed",1050.431526
"Rotoma",1050.4404,-89.13,315.21,10504274.96,-3.2,"LID40102","Bay of Plenty","Volcanic",89.13,"Measured","Seasonal but Detailed",1050.427496
"Rotoma",1050.4404,-89.13,315.01,10504186.96,-3.4,"LID40102","Bay of Plenty","Volcanic",89.13,"Measured","Seasonal but Detailed",1050.418696
"Rotoma",1050.4404,-89.13,314.81,10504098.96,-3.6,"LID40102","Bay of Plenty","Volcanic",89.13,"Measured","Seasonal but Detailed",1050.409896
"Rotoma",1050.4404,-89.13,314.61,10504010.96,-3.8,"LID40102","Bay of Plenty","Volcanic",89.13,"Measured","Seasonal but Detailed",1050.401096
"Rotoma",1050.4404,-89.13,314.41,10503922.96,-4,"LID40102","Bay of Plenty","Volcanic",89.13,"Measured","Seasonal but Detailed",1050.392296
"Rotoma",1050.4404,-89.13,314.21,10501657.75,-4.2,"LID40102","Bay of Plenty","Volcanic",89.13,"Measured","Seasonal but Detailed",1050.165775
"Rotoma",1050.4404,-89.13,314.01,10494972.15,-4.4,"LID40102","Bay of Plenty","Volcanic",89.13,"Measured","Seasonal but Detailed",1049.497215
"Rotoma",1050.4404,-89.13,313.81,10488286.55,-4.6,"LID40102","Bay of Plenty","Volcanic",89.13,"Measured","Seasonal but Detailed",1048.828655
"Rotoma",1050.4404,-89.13,313.61,10481600.95,-4.8,"LID40102","Bay of Plenty","Volcanic",89.13,"Measured","Seasonal but Detailed",1048.160095
"Rotoma",1050.4404,-89.13,313.41,10474915.35,-5,"LID40102","Bay of Plenty","Volcanic",89.13,"Measured","Seasonal but Detailed",1047.491535
"Rotoma",1050.4404,-89.13,312.91,10413782.13,-5.5,"LID40102","Bay of Plenty","Volcanic",89.13,"Measured","Seasonal but Detailed",1041.378213
"Rotoma",1050.4404,-89.13,312.41,10336386.13,-6,"LID40102","Bay of Plenty","Volcanic",89.13,"Measured","Seasonal but Detailed",1033.638613
"Rotoma",1050.4404,-89.13,311.91,10266272.06,-6.5,"LID40102","Bay of Plenty","Volcanic",89.13,"Measured","Seasonal but Detailed",1026.627206
"Rotoma",1050.4404,-89.13,311.41,10198824.06,-7,"LID40102","Bay of Plenty","Volcanic",89.13,"Measured","Seasonal but Detailed",1019.882406
"Rotoma",1050.4404,-89.13,310.91,10130582.58,-7.5,"LID40102","Bay of Plenty","Volcanic",89.13,"Measured","Seasonal but Detailed",1013.058258
"Rotoma",1050.4404,-89.13,310.41,10062050.58,-8,"LID40102","Bay of Plenty","Volcanic",89.13,"Measured","Seasonal but Detailed",1006.205058
"Rotoma",1050.4404,-89.13,309.91,9990349.02,-8.5,"LID40102","Bay of Plenty","Volcanic",89.13,"Measured","Seasonal but Detailed",999.034902
"Rotoma",1050.4404,-89.13,309.41,9917487.02,-9,"LID40102","Bay of Plenty","Volcanic",89.13,"Measured","Seasonal but Detailed",991.748702
"Rotoma",1050.4404,-89.13,308.91,9840045.62,-9.5,"LID40102","Bay of Plenty","Volcanic",89.13,"Measured","Seasonal but Detailed",984.004562
"Rotoma",1050.4404,-89.13,308.41,9760927.62,-10,"LID40102","Bay of Plenty","Volcanic",89.13,"Measured","Seasonal but Detailed",976.092762
"Rotoma",1050.4404,-89.13,307.91,9664948.74,-10.5,"LID40102","Bay of Plenty","Volcanic",89.13,"Measured","Seasonal but Detailed",966.494874
"Rotoma",1050.4404,-89.13,307.41,9562796.74,-11,"LID40102","Bay of Plenty","Volcanic",89.13,"Measured","Seasonal but Detailed",956.279674
"Rotoma",1050.4404,-89.13,306.91,9433067.37,-11.5,"LID40102","Bay of Plenty","Volcanic",89.13,"Measured","Seasonal but Detailed",943.306737
"Rotoma",1050.4404,-89.13,306.41,9293241.37,-12,"LID40102","Bay of Plenty","Volcanic",89.13,"Measured","Seasonal but Detailed",929.324137
"Rotoma",1050.4404,-89.13,305.91,9163372.03,-12.5,"LID40102","Bay of Plenty","Volcanic",89.13,"Measured","Seasonal but Detailed",916.337203
"Rotoma",1050.4404,-89.13,305.41,9037148.03,-13,"LID40102","Bay of Plenty","Volcanic",89.13,"Measured","Seasonal but Detailed",903.714803
"Rotoma",1050.4404,-89.13,304.91,8938215.92,-13.5,"LID40102","Bay of Plenty","Volcanic",89.13,"Measured","Seasonal but Detailed",893.821592
"Rotoma",1050.4404,-89.13,304.41,8849275.92,-14,"LID40102","Bay of Plenty","Volcanic",89.13,"Measured","Seasonal but Detailed",884.927592
"Rotoma",1050.4404,-89.13,303.91,8773930.62,-14.5,"LID40102","Bay of Plenty","Volcanic",89.13,"Measured","Seasonal but Detailed",877.393062
"Rotoma",1050.4404,-89.13,303.41,8703562.62,-15,"LID40102","Bay of Plenty","Volcanic",89.13,"Measured","Seasonal but Detailed",870.356262
"Rotoma",1050.4404,-89.13,302.91,8640709.34,-15.5,"LID40102","Bay of Plenty","Volcanic",89.13,"Measured","Seasonal but Detailed",864.070934
"Rotoma",1050.4404,-89.13,302.41,8580607.34,-16,"LID40102","Bay of Plenty","Volcanic",89.13,"Measured","Seasonal but Detailed",858.060734
"Rotoma",1050.4404,-89.13,301.91,8523004.38,-16.5,"LID40102","Bay of Plenty","Volcanic",89.13,"Measured","Seasonal but Detailed",852.300438
"Rotoma",1050.4404,-89.13,301.41,8466316.38,-17,"LID40102","Bay of Plenty","Volcanic",89.13,"Measured","Seasonal but Detailed",846.631638
"Rotoma",1050.4404,-89.13,300.91,8410363.31,-17.5,"LID40102","Bay of Plenty","Volcanic",89.13,"Measured","Seasonal but Detailed",841.036331
"Rotoma",1050.4404,-89.13,300.41,8354679.31,-18,"LID40102","Bay of Plenty","Volcanic",89.13,"Measured","Seasonal but Detailed",835.467931
"Rotoma",1050.4404,-89.13,299.91,8298370.18,-18.5,"LID40102","Bay of Plenty","Volcanic",89.13,"Measured","Seasonal but Detailed",829.837018
"Rotoma",1050.4404,-89.13,299.41,8241832.18,-19,"LID40102","Bay of Plenty","Volcanic",89.13,"Measured","Seasonal but Detailed",824.183218
"Rotoma",1050.4404,-89.13,298.91,8184906.22,-19.5,"LID40102","Bay of Plenty","Volcanic",89.13,"Measured","Seasonal but Detailed",818.490622
"Rotoma",1050.4404,-89.13,298.41,8127838.22,-20,"LID40102","Bay of Plenty","Volcanic",89.13,"Measured","Seasonal but Detailed",812.783822
"Rotoma",1050.4404,-89.13,297.41,8017741.25,-21,"LID40102","Bay of Plenty","Volcanic",89.13,"Measured","Seasonal but Detailed",801.774125
"Rotoma",1050.4404,-89.13,296.41,7914189.22,-22,"LID40102","Bay of Plenty","Volcanic",89.13,"Measured","Seasonal but Detailed",791.418922
"Rotoma",1050.4404,-89.13,295.41,7808775.1,-23,"LID40102","Bay of Plenty","Volcanic",89.13,"Measured","Seasonal but Detailed",780.87751
"Rotoma",1050.4404,-89.13,294.41,7708878.78,-24,"LID40102","Bay of Plenty","Volcanic",89.13,"Measured","Seasonal but Detailed",770.887878
"Rotoma",1050.4404,-89.13,293.41,7614759.31,-25,"LID40102","Bay of Plenty","Volcanic",89.13,"Measured","Seasonal but Detailed",761.475931
"Rotoma",1050.4404,-89.13,292.41,7520081.92,-26,"LID40102","Bay of Plenty","Volcanic",89.13,"Measured","Seasonal but Detailed",752.008192
"Rotoma",1050.4404,-89.13,291.41,7422836.01,-27,"LID40102","Bay of Plenty","Volcanic",89.13,"Measured","Seasonal but Detailed",742.283601
"Rotoma",1050.4404,-89.13,290.41,7324500.03,-28,"LID40102","Bay of Plenty","Volcanic",89.13,"Measured","Seasonal but Detailed",732.450003
"Rotoma",1050.4404,-89.13,289.41,7224804.99,-29,"LID40102","Bay of Plenty","Volcanic",89.13,"Measured","Seasonal but Detailed",722.480499
"Rotoma",1050.4404,-89.13,288.41,7124768.04,-30,"LID40102","Bay of Plenty","Volcanic",89.13,"Measured","Seasonal but Detailed",712.476804
"Rotoma",1050.4404,-89.13,287.41,7026464.29,-31,"LID40102","Bay of Plenty","Volcanic",89.13,"Measured","Seasonal but Detailed",702.646429
"Rotoma",1050.4404,-89.13,286.41,6930039.58,-32,"LID40102","Bay of Plenty","Volcanic",89.13,"Measured","Seasonal but Detailed",693.003958
"Rotoma",1050.4404,-89.13,285.41,6834857.75,-33,"LID40102","Bay of Plenty","Volcanic",89.13,"Measured","Seasonal but Detailed",683.485775
"Rotoma",1050.4404,-89.13,284.41,6735496.29,-34,"LID40102","Bay of Plenty","Volcanic",89.13,"Measured","Seasonal but Detailed",673.549629
"Rotoma",1050.4404,-89.13,283.41,6628771.84,-35,"LID40102","Bay of Plenty","Volcanic",89.13,"Measured","Seasonal but Detailed",662.877184
"Rotoma",1050.4404,-89.13,282.41,6520911.38,-36,"LID40102","Bay of Plenty","Volcanic",89.13,"Measured","Seasonal but Detailed",652.091138
"Rotoma",1050.4404,-89.13,281.41,6403703.37,-37,"LID40102","Bay of Plenty","Volcanic",89.13,"Measured","Seasonal but Detailed",640.370337
"Rotoma",1050.4404,-89.13,280.41,6286159.85,-38,"LID40102","Bay of Plenty","Volcanic",89.13,"Measured","Seasonal but Detailed",628.615985
"Rotoma",1050.4404,-89.13,279.41,6162188.93,-39,"LID40102","Bay of Plenty","Volcanic",89.13,"Measured","Seasonal but Detailed",616.218893
"Rotoma",1050.4404,-89.13,278.41,6030985.98,-40,"LID40102","Bay of Plenty","Volcanic",89.13,"Measured","Seasonal but Detailed",603.098598
"Rotoma",1050.4404,-89.13,277.41,5897221.61,-41,"LID40102","Bay of Plenty","Volcanic",89.13,"Measured","Seasonal but Detailed",589.722161
"Rotoma",1050.4404,-89.13,276.41,5755024.18,-42,"LID40102","Bay of Plenty","Volcanic",89.13,"Measured","Seasonal but Detailed",575.502418
"Rotoma",1050.4404,-89.13,275.41,5587959.94,-43,"LID40102","Bay of Plenty","Volcanic",89.13,"Measured","Seasonal but Detailed",558.795994
"Rotoma",1050.4404,-89.13,274.41,5481005.79,-44,"LID40102","Bay of Plenty","Volcanic",89.13,"Measured","Seasonal but Detailed",548.100579
"Rotoma",1050.4404,-89.13,273.41,5392169.04,-45,"LID40102","Bay of Plenty","Volcanic",89.13,"Measured","Seasonal but Detailed",539.216904
"Rotoma",1050.4404,-89.13,272.41,5303043.31,-46,"LID40102","Bay of Plenty","Volcanic",89.13,"Measured","Seasonal but Detailed",530.304331
"Rotoma",1050.4404,-89.13,271.41,5214835.75,-47,"LID40102","Bay of Plenty","Volcanic",89.13,"Measured","Seasonal but Detailed",521.483575
"Rotoma",1050.4404,-89.13,270.41,5120870.46,-48,"LID40102","Bay of Plenty","Volcanic",89.13,"Measured","Seasonal but Detailed",512.087046
"Rotoma",1050.4404,-89.13,269.41,5027902.05,-49,"LID40102","Bay of Plenty","Volcanic",89.13,"Measured","Seasonal but Detailed",502.790205
"Rotoma",1050.4404,-89.13,268.41,4928073.42,-50,"LID40102","Bay of Plenty","Volcanic",89.13,"Measured","Seasonal but Detailed",492.807342
"Rotoma",1050.4404,-89.13,266.41,4728506.72,-52,"LID40102","Bay of Plenty","Volcanic",89.13,"Measured","Seasonal but Detailed",472.850672
"Rotoma",1050.4404,-89.13,264.41,4530060.51,-54,"LID40102","Bay of Plenty","Volcanic",89.13,"Measured","Seasonal but Detailed",453.006051
"Rotoma",1050.4404,-89.13,262.41,4324719.08,-56,"LID40102","Bay of Plenty","Volcanic",89.13,"Measured","Seasonal but Detailed",432.471908
"Rotoma",1050.4404,-89.13,260.41,4091467.06,-58,"LID40102","Bay of Plenty","Volcanic",89.13,"Measured","Seasonal but Detailed",409.146706
"Rotoma",1050.4404,-89.13,258.41,3880442.64,-60,"LID40102","Bay of Plenty","Volcanic",89.13,"Measured","Seasonal but Detailed",388.044264
"Rotoma",1050.4404,-89.13,256.41,3645824.85,-62,"LID40102","Bay of Plenty","Volcanic",89.13,"Measured","Seasonal but Detailed",364.582485
"Rotoma",1050.4404,-89.13,254.41,3371765.54,-64,"LID40102","Bay of Plenty","Volcanic",89.13,"Measured","Seasonal but Detailed",337.176554
"Rotoma",1050.4404,-89.13,252.41,3073358.1,-66,"LID40102","Bay of Plenty","Volcanic",89.13,"Measured","Seasonal but Detailed",307.33581
"Rotoma",1050.4404,-89.13,250.41,2746997.79,-68,"LID40102","Bay of Plenty","Volcanic",89.13,"Measured","Seasonal but Detailed",274.699779
"Rotoma",1050.4404,-89.13,248.41,2497110.37,-70,"LID40102","Bay of Plenty","Volcanic",89.13,"Measured","Seasonal but Detailed",249.711037
"Rotoma",1050.4404,-89.13,246.41,2295660.64,-72,"LID40102","Bay of Plenty","Volcanic",89.13,"Measured","Seasonal but Detailed",229.566064
"Rotoma",1050.4404,-89.13,244.41,2001622.93,-74,"LID40102","Bay of Plenty","Volcanic",89.13,"Measured","Seasonal but Detailed",200.162293
"Rotoma",1050.4404,-89.13,242.41,1476622,-76,"LID40102","Bay of Plenty","Volcanic",89.13,"Measured","Seasonal but Detailed",147.6622
"Rotoma",1050.4404,-89.13,240.41,1005079.53,-78,"LID40102","Bay of Plenty","Volcanic",89.13,"Measured","Seasonal but Detailed",100.507953
"Rotoma",1050.4404,-89.13,238.41,747574.48,-80,"LID40102","Bay of Plenty","Volcanic",89.13,"Measured","Seasonal but Detailed",74.757448
"Rotoma",1050.4404,-89.13,236.41,607306.76,-82,"LID40102","Bay of Plenty","Volcanic",89.13,"Measured","Seasonal but Detailed",60.730676
"Rotoma",1050.4404,-89.13,234.41,477210.93,-84,"LID40102","Bay of Plenty","Volcanic",89.13,"Measured","Seasonal but Detailed",47.721093
"Rotoma",1050.4404,-89.13,232.41,245782,-86,"LID40102","Bay of Plenty","Volcanic",89.13,"Measured","Seasonal but Detailed",24.5782
"Rotoma",1050.4404,-89.13,230.41,27606.41,-88,"LID40102","Bay of Plenty","Volcanic",89.13,"Measured","Seasonal but Detailed",2.760641
"Rotoma",1050.4404,-89.13,229.28,0,-89.13,"LID40102","Bay of Plenty","Volcanic",89.13,"Measured","Seasonal but Detailed",0
"Rotorua (Bay of Plenty)",8065.996,-48.15,284.88,80659960,0,"LID11133","Bay of Plenty","Volcanic",45.27,"Measured","Seasonal but Detailed",8065.996
"Rotorua (Bay of Plenty)",8065.996,-48.15,284.68,80659896.03,-0.2,"LID11133","Bay of Plenty","Volcanic",45.27,"Measured","Seasonal but Detailed",8065.989603
"Rotorua (Bay of Plenty)",8065.996,-48.15,284.48,80659819.23,-0.4,"LID11133","Bay of Plenty","Volcanic",45.27,"Measured","Seasonal but Detailed",8065.981923
"Rotorua (Bay of Plenty)",8065.996,-48.15,284.28,80659742.43,-0.6,"LID11133","Bay of Plenty","Volcanic",45.27,"Measured","Seasonal but Detailed",8065.974243
"Rotorua (Bay of Plenty)",8065.996,-48.15,284.08,80659651.04,-0.8,"LID11133","Bay of Plenty","Volcanic",45.27,"Measured","Seasonal but Detailed",8065.965104
"Rotorua (Bay of Plenty)",8065.996,-48.15,283.88,80659555.04,-1,"LID11133","Bay of Plenty","Volcanic",45.27,"Measured","Seasonal but Detailed",8065.955504
"Rotorua (Bay of Plenty)",8065.996,-48.15,283.68,80659449.47,-1.2,"LID11133","Bay of Plenty","Volcanic",45.27,"Measured","Seasonal but Detailed",8065.944947
"Rotorua (Bay of Plenty)",8065.996,-48.15,283.48,80659316.67,-1.4,"LID11133","Bay of Plenty","Volcanic",45.27,"Measured","Seasonal but Detailed",8065.931667
"Rotorua (Bay of Plenty)",8065.996,-48.15,283.28,80659183.87,-1.6,"LID11133","Bay of Plenty","Volcanic",45.27,"Measured","Seasonal but Detailed",8065.918387
"Rotorua (Bay of Plenty)",8065.996,-48.15,283.08,80658899.07,-1.8,"LID11133","Bay of Plenty","Volcanic",45.27,"Measured","Seasonal but Detailed",8065.889907
"Rotorua (Bay of Plenty)",8065.996,-48.15,282.88,80658566.27,-2,"LID11133","Bay of Plenty","Volcanic",45.27,"Measured","Seasonal but Detailed",8065.856627
"Rotorua (Bay of Plenty)",8065.996,-48.15,282.68,80658150.69,-2.2,"LID11133","Bay of Plenty","Volcanic",45.27,"Measured","Seasonal but Detailed",8065.815069
"Rotorua (Bay of Plenty)",8065.996,-48.15,282.48,80657499.49,-2.4,"LID11133","Bay of Plenty","Volcanic",45.27,"Measured","Seasonal but Detailed",8065.749949
"Rotorua (Bay of Plenty)",8065.996,-48.15,282.28,80656848.29,-2.6,"LID11133","Bay of Plenty","Volcanic",45.27,"Measured","Seasonal but Detailed",8065.684829
"Rotorua (Bay of Plenty)",8065.996,-48.15,282.08,80654771.94,-2.8,"LID11133","Bay of Plenty","Volcanic",45.27,"Measured","Seasonal but Detailed",8065.477194
"Rotorua (Bay of Plenty)",8065.996,-48.15,281.88,80652245.54,-3,"LID11133","Bay of Plenty","Volcanic",45.27,"Measured","Seasonal but Detailed",8065.224554
"Rotorua (Bay of Plenty)",8065.996,-48.15,281.68,80650375.58,-3.2,"LID11133","Bay of Plenty","Volcanic",45.27,"Measured","Seasonal but Detailed",8065.037558
"Rotorua (Bay of Plenty)",8065.996,-48.15,281.48,80650373.98,-3.4,"LID11133","Bay of Plenty","Volcanic",45.27,"Measured","Seasonal but Detailed",8065.037398
"Rotorua (Bay of Plenty)",8065.996,-48.15,281.28,80650372.38,-3.6,"LID11133","Bay of Plenty","Volcanic",45.27,"Measured","Seasonal but Detailed",8065.037238
"Rotorua (Bay of Plenty)",8065.996,-48.15,281.08,80650369.57,-3.8,"LID11133","Bay of Plenty","Volcanic",45.27,"Measured","Seasonal but Detailed",8065.036957
"Rotorua (Bay of Plenty)",8065.996,-48.15,280.88,80650366.37,-4,"LID11133","Bay of Plenty","Volcanic",45.27,"Measured","Seasonal but Detailed",8065.036637
"Rotorua (Bay of Plenty)",8065.996,-48.15,280.68,80650362.34,-4.2,"LID11133","Bay of Plenty","Volcanic",45.27,"Measured","Seasonal but Detailed",8065.036234
"Rotorua (Bay of Plenty)",8065.996,-48.15,280.48,80650355.94,-4.4,"LID11133","Bay of Plenty","Volcanic",45.27,"Measured","Seasonal but Detailed",8065.035594
"Rotorua (Bay of Plenty)",8065.996,-48.15,280.28,80650349.54,-4.6,"LID11133","Bay of Plenty","Volcanic",45.27,"Measured","Seasonal but Detailed",8065.034954
"Rotorua (Bay of Plenty)",8065.996,-48.15,280.08,80650335.84,-4.8,"LID11133","Bay of Plenty","Volcanic",45.27,"Measured","Seasonal but Detailed",8065.033584
"Rotorua (Bay of Plenty)",8065.996,-48.15,279.88,80650319.84,-5,"LID11133","Bay of Plenty","Volcanic",45.27,"Measured","Seasonal but Detailed",8065.031984
"Rotorua (Bay of Plenty)",8065.996,-48.15,279.38,80649739.17,-5.5,"LID11133","Bay of Plenty","Volcanic",45.27,"Measured","Seasonal but Detailed",8064.973917
"Rotorua (Bay of Plenty)",8065.996,-48.15,278.88,78810804.06,-6,"LID11133","Bay of Plenty","Volcanic",45.27,"Measured","Seasonal but Detailed",7881.080406
"Rotorua (Bay of Plenty)",8065.996,-48.15,278.38,76835500.83,-6.5,"LID11133","Bay of Plenty","Volcanic",45.27,"Measured","Seasonal but Detailed",7683.550083
"Rotorua (Bay of Plenty)",8065.996,-48.15,277.88,75267645.76,-7,"LID11133","Bay of Plenty","Volcanic",45.27,"Measured","Seasonal but Detailed",7526.764576
"Rotorua (Bay of Plenty)",8065.996,-48.15,277.38,73533224.1,-7.5,"LID11133","Bay of Plenty","Volcanic",45.27,"Measured","Seasonal but Detailed",7353.32241
"Rotorua (Bay of Plenty)",8065.996,-48.15,276.88,71602134.24,-8,"LID11133","Bay of Plenty","Volcanic",45.27,"Measured","Seasonal but Detailed",7160.213424
"Rotorua (Bay of Plenty)",8065.996,-48.15,276.38,69640114.37,-8.5,"LID11133","Bay of Plenty","Volcanic",45.27,"Measured","Seasonal but Detailed",6964.011437
"Rotorua (Bay of Plenty)",8065.996,-48.15,275.88,67455280.7,-9,"LID11133","Bay of Plenty","Volcanic",45.27,"Measured","Seasonal but Detailed",6745.52807
"Rotorua (Bay of Plenty)",8065.996,-48.15,275.38,65114571.71,-9.5,"LID11133","Bay of Plenty","Volcanic",45.27,"Measured","Seasonal but Detailed",6511.457171
"Rotorua (Bay of Plenty)",8065.996,-48.15,274.88,62423838.88,-10,"LID11133","Bay of Plenty","Volcanic",45.27,"Measured","Seasonal but Detailed",6242.383888
"Rotorua (Bay of Plenty)",8065.996,-48.15,274.38,59540433.18,-10.5,"LID11133","Bay of Plenty","Volcanic",45.27,"Measured","Seasonal but Detailed",5954.043318
"Rotorua (Bay of Plenty)",8065.996,-48.15,273.88,56823917.5,-11,"LID11133","Bay of Plenty","Volcanic",45.27,"Measured","Seasonal but Detailed",5682.39175
"Rotorua (Bay of Plenty)",8065.996,-48.15,273.38,54945495.94,-11.5,"LID11133","Bay of Plenty","Volcanic",45.27,"Measured","Seasonal but Detailed",5494.549594
"Rotorua (Bay of Plenty)",8065.996,-48.15,272.88,53393732.32,-12,"LID11133","Bay of Plenty","Volcanic",45.27,"Measured","Seasonal but Detailed",5339.373232
"Rotorua (Bay of Plenty)",8065.996,-48.15,272.38,51964282.69,-12.5,"LID11133","Bay of Plenty","Volcanic",45.27,"Measured","Seasonal but Detailed",5196.428269
"Rotorua (Bay of Plenty)",8065.996,-48.15,271.88,50683228.83,-13,"LID11133","Bay of Plenty","Volcanic",45.27,"Measured","Seasonal but Detailed",5068.322883
"Rotorua (Bay of Plenty)",8065.996,-48.15,271.38,49486877.89,-13.5,"LID11133","Bay of Plenty","Volcanic",45.27,"Measured","Seasonal but Detailed",4948.687789
"Rotorua (Bay of Plenty)",8065.996,-48.15,270.88,48319042.37,-14,"LID11133","Bay of Plenty","Volcanic",45.27,"Measured","Seasonal but Detailed",4831.904237
"Rotorua (Bay of Plenty)",8065.996,-48.15,270.38,47007184.67,-14.5,"LID11133","Bay of Plenty","Volcanic",45.27,"Measured","Seasonal but Detailed",4700.718467
"Rotorua (Bay of Plenty)",8065.996,-48.15,269.88,45494689.89,-15,"LID11133","Bay of Plenty","Volcanic",45.27,"Measured","Seasonal but Detailed",4549.468989
"Rotorua (Bay of Plenty)",8065.996,-48.15,269.38,43547542.98,-15.5,"LID11133","Bay of Plenty","Volcanic",45.27,"Measured","Seasonal but Detailed",4354.754298
"Rotorua (Bay of Plenty)",8065.996,-48.15,268.88,40910958.4,-16,"LID11133","Bay of Plenty","Volcanic",45.27,"Measured","Seasonal but Detailed",4091.09584
"Rotorua (Bay of Plenty)",8065.996,-48.15,268.38,38089519.33,-16.5,"LID11133","Bay of Plenty","Volcanic",45.27,"Measured","Seasonal but Detailed",3808.951933
"Rotorua (Bay of Plenty)",8065.996,-48.15,267.88,35757877.18,-17,"LID11133","Bay of Plenty","Volcanic",45.27,"Measured","Seasonal but Detailed",3575.787718
"Rotorua (Bay of Plenty)",8065.996,-48.15,267.38,33754965.5,-17.5,"LID11133","Bay of Plenty","Volcanic",45.27,"Measured","Seasonal but Detailed",3375.49655
"Rotorua (Bay of Plenty)",8065.996,-48.15,266.88,32016679.87,-18,"LID11133","Bay of Plenty","Volcanic",45.27,"Measured","Seasonal but Detailed",3201.667987
"Rotorua (Bay of Plenty)",8065.996,-48.15,266.38,30472820.96,-18.5,"LID11133","Bay of Plenty","Volcanic",45.27,"Measured","Seasonal but Detailed",3047.282096
"Rotorua (Bay of Plenty)",8065.996,-48.15,265.88,28990896.26,-19,"LID11133","Bay of Plenty","Volcanic",45.27,"Measured","Seasonal but Detailed",2899.089626
"Rotorua (Bay of Plenty)",8065.996,-48.15,265.38,27420978.08,-19.5,"LID11133","Bay of Plenty","Volcanic",45.27,"Measured","Seasonal but Detailed",2742.097808
"Rotorua (Bay of Plenty)",8065.996,-48.15,264.88,25402033.22,-20,"LID11133","Bay of Plenty","Volcanic",45.27,"Measured","Seasonal but Detailed",2540.203322
"Rotorua (Bay of Plenty)",8065.996,-48.15,263.88,19939165.82,-21,"LID11133","Bay of Plenty","Volcanic",45.27,"Measured","Seasonal but Detailed",1993.916582
"Rotorua (Bay of Plenty)",8065.996,-48.15,262.88,15615166.72,-22,"LID11133","Bay of Plenty","Volcanic",45.27,"Measured","Seasonal but Detailed",1561.516672
"Rotorua (Bay of Plenty)",8065.996,-48.15,261.88,13097750.66,-23,"LID11133","Bay of Plenty","Volcanic",45.27,"Measured","Seasonal but Detailed",1309.775066
"Rotorua (Bay of Plenty)",8065.996,-48.15,260.88,11210101.76,-24,"LID11133","Bay of Plenty","Volcanic",45.27,"Measured","Seasonal but Detailed",1121.010176
"Rotorua (Bay of Plenty)",8065.996,-48.15,259.88,9167369.63,-25,"LID11133","Bay of Plenty","Volcanic",45.27,"Measured","Seasonal but Detailed",916.736963
"Rotorua (Bay of Plenty)",8065.996,-48.15,258.88,3700873.82,-26,"LID11133","Bay of Plenty","Volcanic",45.27,"Measured","Seasonal but Detailed",370.087382
"Rotorua (Bay of Plenty)",8065.996,-48.15,257.88,775169.47,-27,"LID11133","Bay of Plenty","Volcanic",45.27,"Measured","Seasonal but Detailed",77.516947
"Rotorua (Bay of Plenty)",8065.996,-48.15,256.88,297785.06,-28,"LID11133","Bay of Plenty","Volcanic",45.27,"Measured","Seasonal but Detailed",29.778506
"Rotorua (Bay of Plenty)",8065.996,-48.15,255.88,258676.74,-29,"LID11133","Bay of Plenty","Volcanic",45.27,"Measured","Seasonal but Detailed",25.867674
"Rotorua (Bay of Plenty)",8065.996,-48.15,254.88,233841.09,-30,"LID11133","Bay of Plenty","Volcanic",45.27,"Measured","Seasonal but Detailed",23.384109
"Rotorua (Bay of Plenty)",8065.996,-48.15,253.88,211356.16,-31,"LID11133","Bay of Plenty","Volcanic",45.27,"Measured","Seasonal but Detailed",21.135616
"Rotorua (Bay of Plenty)",8065.996,-48.15,252.88,189976.54,-32,"LID11133","Bay of Plenty","Volcanic",45.27,"Measured","Seasonal but Detailed",18.997654
"Rotorua (Bay of Plenty)",8065.996,-48.15,251.88,168454.82,-33,"LID11133","Bay of Plenty","Volcanic",45.27,"Measured","Seasonal but Detailed",16.845482
"Rotorua (Bay of Plenty)",8065.996,-48.15,250.88,146315.62,-34,"LID11133","Bay of Plenty","Volcanic",45.27,"Measured","Seasonal but Detailed",14.631562
"Rotorua (Bay of Plenty)",8065.996,-48.15,249.88,121856.32,-35,"LID11133","Bay of Plenty","Volcanic",45.27,"Measured","Seasonal but Detailed",12.185632
"Rotorua (Bay of Plenty)",8065.996,-48.15,248.88,90945.66,-36,"LID11133","Bay of Plenty","Volcanic",45.27,"Measured","Seasonal but Detailed",9.094566
"Rotorua (Bay of Plenty)",8065.996,-48.15,247.88,41049.28,-37,"LID11133","Bay of Plenty","Volcanic",45.27,"Measured","Seasonal but Detailed",4.104928
"Rotorua (Bay of Plenty)",8065.996,-48.15,246.88,16705.15,-38,"LID11133","Bay of Plenty","Volcanic",45.27,"Measured","Seasonal but Detailed",1.670515
"Rotorua (Bay of Plenty)",8065.996,-48.15,245.88,15015.36,-39,"LID11133","Bay of Plenty","Volcanic",45.27,"Measured","Seasonal but Detailed",1.501536
"Rotorua (Bay of Plenty)",8065.996,-48.15,244.88,13739.81,-40,"LID11133","Bay of Plenty","Volcanic",45.27,"Measured","Seasonal but Detailed",1.373981
"Rotorua (Bay of Plenty)",8065.996,-48.15,243.88,12574.66,-41,"LID11133","Bay of Plenty","Volcanic",45.27,"Measured","Seasonal but Detailed",1.257466
"Rotorua (Bay of Plenty)",8065.996,-48.15,242.88,11439.68,-42,"LID11133","Bay of Plenty","Volcanic",45.27,"Measured","Seasonal but Detailed",1.143968
"Rotorua (Bay of Plenty)",8065.996,-48.15,241.88,10379.39,-43,"LID11133","Bay of Plenty","Volcanic",45.27,"Measured","Seasonal but Detailed",1.037939
"Rotorua (Bay of Plenty)",8065.996,-48.15,240.88,9225.31,-44,"LID11133","Bay of Plenty","Volcanic",45.27,"Measured","Seasonal but Detailed",0.922531
"Rotorua (Bay of Plenty)",8065.996,-48.15,239.88,7988.26,-45,"LID11133","Bay of Plenty","Volcanic",45.27,"Measured","Seasonal but Detailed",0.798826
"Rotorua (Bay of Plenty)",8065.996,-48.15,238.88,6570.59,-46,"LID11133","Bay of Plenty","Volcanic",45.27,"Measured","Seasonal but Detailed",0.657059
"Rotorua (Bay of Plenty)",8065.996,-48.15,237.88,4698.05,-47,"LID11133","Bay of Plenty","Volcanic",45.27,"Measured","Seasonal but Detailed",0.469805
"Rotorua (Bay of Plenty)",8065.996,-48.15,236.88,775.52,-48,"LID11133","Bay of Plenty","Volcanic",45.27,"Measured","Seasonal but Detailed",0.077552
"Rotorua (Bay of Plenty)",8065.996,-48.15,236.73,0,-48.15,"LID11133","Bay of Plenty","Volcanic",45.27,"Measured","Seasonal but Detailed",0
